question,ground_truth,prediction,reasoning
Bayi kembar yang dilahirkan dari pembelahan satu zigot menjadi dua yang terus tumbuh menjadi individu disebut kembar ….,A,C,C. fraternal
Di bawah ini yang bukan merupakan manfaat energi panas bagi kehidupan manusia adalah....,B,C,C. untuk mengeringkan pakaian
Berikut ini pernyataan yang benar tentang gen adalah …,C,C,C. penentu sifat antara individu yang diwariskan kepada keturunannya
Pernyataan berikut yang bukan merupakan ciri-ciri hewan ovipar yaitu ...,B,C,C. tidak berdaun telinga
Pengikisan pantai yang disebabkan oleh gelombang laut dinamakan ...,B,B,B. Abrasi
Contoh simbiosis yang sama dengan simbiosis antara ikan remora dengan ikan hiu yaitu ...,D,C,C. kutu dengan kerbau
"Jika kita rajin menanam dan merawat tanaman, maka kita ikut serta mengurangi....",D,C,C. pencemaran tanah
Benalu adalah jenis tumbuhan....,B,B,B. epifit
Bunga bangkai yang dipelihara di Kebun Raya Bogor merupakan contoh pelestarian ....,C,C,C
Perubahan dari benda padat menjadi benda cair dinamakan …,B,B,B. Mencair
Bayi kembar yang dilahirkan dari pembelahan satu zigot menjadi dua yang terus tumbuh menjadi individu disebut kembar ….,A,C,C. fraternal
Di bawah ini yang bukan merupakan manfaat energi panas bagi kehidupan manusia adalah....,B,C,"C. Untuk mengeringkan pakaian. 

Explanation: 
- Memasak makanan, mendinginkan badan, dan menyetrika pakaian semuanya termasuk dalam penggunaan energi pan"
Berikut ini pernyataan yang benar tentang gen adalah …,C,C,"C. Penjelasan: Pernyataan tersebut menyebutkan bahwa gen adalah penentu sifat antara individu yang diwariskan kepada keturunannya. Ini artinya, jawaban yang tepat"
Pernyataan berikut yang bukan merupakan ciri-ciri hewan ovipar yaitu ...,B,A,"Pernyataan berikut yang bukan merupakan ciri-ciri hewan ovipar adalah...

A. tidak mempunyai kelenjar susu
B. badan tertutup bulu rambut
C."
Pengikisan pantai yang disebabkan oleh gelombang laut dinamakan ...,B,B,"Pengikisan pantai yang disebabkan oleh gelombang laut dinamakan abrasi. 

Answer: B"
Contoh simbiosis yang sama dengan simbiosis antara ikan remora dengan ikan hiu yaitu ...,D,,"Contoh simbiosis yang sama dengan simbiosis antara ikan remora dengan ikan hiu adalah anemon laut dengan ikan badut. 

Step-by-step reasoning:
- Understand the question: What example of symbiosis can be"
"Jika kita rajin menanam dan merawat tanaman, maka kita ikut serta mengurangi....",D,C,"C. Pencemaran tanah. 

Explanation: The question states that if we are diligent in planting and caring for plants, then we contribute to reducing pollution. Among the given options, only option C refers to pollution caused by soil contamination."
Benalu adalah jenis tumbuhan....,B,,"Benalu adalah jenis tumbuhan parasit. 

Explanation: 
- Step 1: Understand the question
- Step 2: Identify key concepts, terms, and context in the question
- Step 3: Evaluate each option systematically:
"
Bunga bangkai yang dipelihara di Kebun Raya Bogor merupakan contoh pelestarian ....,C,C,"C. Ex situ refers to the preservation of a species outside its natural habitat, while in situ refers to the preservation within its natural habitat. In this case, bunga bangkai being preserved at the Kebun Raya Bogor would fall"
Perubahan dari benda padat menjadi benda cair dinamakan …,B,A,"Perubahan dari benda padat menjadi benda cair disebut mencair. 

Step-by-step reasoning:
- Understand the question: What is the term used to describe the change from a solid state to a liquid state?
-"
Bayi kembar yang dilahirkan dari pembelahan satu zigot menjadi dua yang terus tumbuh menjadi individu disebut kembar ….,A,A,"1. Understanding the question: The question asks for the term used to describe twin babies born from the splitting of a single zygote that continue to grow into separate individuals. This implies a specific type of twinning.

2. Analyzing key concepts:
"
Di bawah ini yang bukan merupakan manfaat energi panas bagi kehidupan manusia adalah....,B,A,"Here's a breakdown of the reasoning process for the Indonesian question:

1. **Understanding the question:** The question asks us to identify which of the listed options is *not* a benefit of heat energy for humans. We need to find the"
Berikut ini pernyataan yang benar tentang gen adalah …,C,A,"Here's a breakdown of the reasoning process for the Indonesian question:

1. **Understanding the question:** The question asks us to identify the correct statement about genes. It's a straightforward question requiring knowledge of basic genetics.

2. **"
Pernyataan berikut yang bukan merupakan ciri-ciri hewan ovipar yaitu ...,B,A,"The question asks which statement is *not* a characteristic of oviparous animals. Oviparous animals are animals that lay eggs. Therefore, we need to find the characteristic that doesn't apply to egg-laying animals.

Let's"
Pengikisan pantai yang disebabkan oleh gelombang laut dinamakan ...,B,A,"1. Understanding the question: The question asks for the term that describes the coastal erosion caused by sea waves. It's a direct question about a specific geological process.

2. Analyzing key concepts: The question focuses on ""coastal erosion"""
Contoh simbiosis yang sama dengan simbiosis antara ikan remora dengan ikan hiu yaitu ...,D,A,"Here's a breakdown of the reasoning process for the Indonesian question:

1. **Understanding the question:** The question asks us to identify an example of symbiosis that is similar to the relationship between remora fish and sharks. The remora-"
"Jika kita rajin menanam dan merawat tanaman, maka kita ikut serta mengurangi....",D,A,"Here's the step-by-step reasoning:

1. **Understanding the question:** The question asks what we help reduce when we diligently plant and care for plants. It's looking for a type of pollution that is lessened by this action"
Benalu adalah jenis tumbuhan....,B,A,"The question ""Benalu adalah jenis tumbuhan..."" translates to ""Benalu is a type of plant..."" and asks us to identify the type of plant benalu is. Benalu is a common plant found in Indonesia and other tropical regions.

Let'"
Bunga bangkai yang dipelihara di Kebun Raya Bogor merupakan contoh pelestarian ....,C,A,"Here's a breakdown of the reasoning process for the Indonesian question:

1. **Understanding the question:** The question asks what type of conservation the cultivation of the corpse flower (bunga bangkai) in the Bogor Botanical Gardens represents. It'"
Perubahan dari benda padat menjadi benda cair dinamakan …,B,A,"1. Understanding the question: The question asks for the name of the process where a solid substance changes into a liquid substance.

2. Analyzing key concepts: The question focuses on a change of state from solid to liquid. We need to identify the"
Bayi kembar yang dilahirkan dari pembelahan satu zigot menjadi dua yang terus tumbuh menjadi individu disebut kembar ….,A,,"**Step-by-step reasoning:**

1. **Memahami pertanyaan:** Pertanyaan ini menanyakan jenis kembar yang lahir dari pembelahan satu zigot menjadi dua individu yang berbeda.
2. **Identifikasi konsep kunci:** Kata kunci dalam"
Di bawah ini yang bukan merupakan manfaat energi panas bagi kehidupan manusia adalah....,B,,"**Langkah-langkah Pemecahan Masalah:**

1. **Memahami Pertanyaan:** Pertanyaan ini menanyakan manfaat energi panas bagi kehidupan manusia, dan meminta kita untuk menentukan opsi yang **tidak** termasuk dalam manfaat"
Berikut ini pernyataan yang benar tentang gen adalah …,C,,"**Langkah-langkah Pemecahan Masalah:**

1. **Memahami Pertanyaan:** Pertanyaan ini menanyakan pernyataan yang benar tentang gen. Kita perlu mengidentifikasi definisi atau karakteristik gen berdasarkan informasi yang diberikan.
2. **"
Pernyataan berikut yang bukan merupakan ciri-ciri hewan ovipar yaitu ...,B,,"**Langkah-langkah Pemecahan Masalah:**

1. **Pemahaman Pertanyaan:** Pertanyaan ini menanyakan apa yang **bukan** merupakan ciri-ciri hewan ovipar. Kita perlu mengidentifikasi karakteristik yang membedakan"
Pengikisan pantai yang disebabkan oleh gelombang laut dinamakan ...,B,,"**Step-by-step reasoning:**

1. **Memahami pertanyaan:** Pertanyaan ini menanyakan apa yang dimaksud dengan pengikisan pantai yang disebabkan oleh gelombang laut.
2. **Identifikasi konsep dan konteks kunci:** Kata kunci yang perlu"
Contoh simbiosis yang sama dengan simbiosis antara ikan remora dengan ikan hiu yaitu ...,D,,"**Step-by-step reasoning:**

1. **Memahami pertanyaan:** Pertanyaan ini meminta contoh simbiosis yang mirip dengan simbiosis ikan remora dan ikan hiu. Simbiosis mengacu pada hubungan dekat dan saling menguntungkan antara dua spesies"
"Jika kita rajin menanam dan merawat tanaman, maka kita ikut serta mengurangi....",D,,"**Step-by-step Reasoning:**

1. **Memahami Pertanyaan:** Pertanyaan ini menanyakan tentang kontribusi positif dari kegiatan menanam dan merawat tanaman secara rutin terhadap lingkungan.
2. **Identifikasi Konsep Kunci"
Benalu adalah jenis tumbuhan....,B,,"**Step-by-step reasoning:**

1. **Understanding the question:** Pertanyaan ini menanyakan jenis tumbuhan apa yang termasuk benalu.
2. **Identifikasi konsep kunci:** Kata ""benalu"" merujuk pada jenis tumbuhan tertentu.
"
Bunga bangkai yang dipelihara di Kebun Raya Bogor merupakan contoh pelestarian ....,C,,"**Step-by-step reasoning:**

1. **Memahami pertanyaan:** Pertanyaan ini menanyakan tentang jenis pelestarian yang diwakili oleh bunga bangkai di Kebun Raya Bogor.
2. **Identifikasi konsep kunci:** Kata"
Perubahan dari benda padat menjadi benda cair dinamakan …,B,,"**Step-by-step reasoning:**

1. **Memahami pertanyaan:** Pertanyaan ini menanyakan tentang proses perubahan dari benda padat menjadi benda cair.
2. **Identifikasi konsep kunci:** Kata kunci dalam pertanyaan ini adalah ""perubahan dari"
